{
    "Accuracy": 0.906,
    "Balanced Accuracy": 0.8756660317567618,
    "Precision": 0.9058022785879117,
    "Recall": 0.906,
    "F1": 0.9056357690471785,
    "MCC": 0.8281765625173204
}